{"book_reviews":[{"title":"The Hunger Games","author":"Susan Collins","rating":4,"review":"Great read!","type":["Fiction"],"slug":"hungerGames"},{"title":"Divergent","author":"Veronica Roth","rating":4.5,"review":"This is my favorite book!","type":["Fiction","Romance"],"slug":"divergent"},{"title":"Twilight","author":"Stephenie Meyer","rating":5,"review":"Loved this!","type":["Horror","Romance"],"slug":"twilight"},{"title":"Diary of A wimpy kid","author":"Jeff Kinley","rating":1,"review":"Not funny","type":["Fiction"],"slug":"wimpy"}]}